ILATO,total,56215
iters,diffs,diffs/total
1,0,0
3,0,0
10,0,0
30,1,1.77888463933114E-05
100,12,0.00021346615672
300,176,0.003130836965223
1000,1485,0.026416436894068
3000,1115,0.019834563728542
,,
,,
,,
Unisiegel,total,397210
iters,diffs,diffs/total
1,0,0
3,0,0
10,0,0
30,0,0
100,0,0
300,0,0
1000,0,0
3000,0,0
